 <annotation verified="yes">
	<folder>train</folder>
	<filename>00239.jpg.6.png.6.png</filename>
	<path>D:/ml-project-helper/keras-yolo/keras-yolo2/train/00239.jpg.6.png.6.png</path>
	<source>
		<database>Unknown</database>
	</source>
	<size>
		<width>800</width>
		<height>800</height>
		<depth>3</depth>
	</size>
	<segmented>0</segmented>
	<object>
		<name>street_sign</name>
		<pose>Unspecified</pose>
		<truncated>0</truncated>
		<difficult>0</difficult>
		<bndbox>
			<xmin>321</xmin>
			<ymin>378</ymin>
			<xmax>351</xmax>
			<ymax>403</ymax>
		</bndbox>
		</object>
</annotation>