 <annotation verified="yes">
	<folder>train</folder>
	<filename>00272.jpg.3.png</filename>
	<path>D:/ml-project-helper/keras-yolo/keras-yolo2/train/00272.jpg.3.png</path>
	<source>
		<database>Unknown</database>
	</source>
	<size>
		<width>800</width>
		<height>800</height>
		<depth>3</depth>
	</size>
	<segmented>0</segmented>
	<object>
		<name>street_sign</name>
		<pose>Unspecified</pose>
		<truncated>0</truncated>
		<difficult>0</difficult>
		<bndbox>
			<xmin>288</xmin>
			<ymin>398</ymin>
			<xmax>366</xmax>
			<ymax>459</ymax>
		</bndbox>
		</object>
</annotation>